{
  "config": {
    "target": "http://localhost:8001",
    "http": {
      "timeout": 30
    },
    "phases": [
      {
        "duration": 30,
        "arrivalRate": 20
      }
    ]
  },
  "scenarios": [
    {
      "flow": [
        {
          "get": {
            "url": "/"
          }
        },
        {
          "post": {
            "url": "/auth/login",
            "json": {
              "email": "zerohch0@gmail.com",
              "password": "Wpfhsms0!!"
            },
            "followRedirect": false
          }
        },
        {
          "get": {
            "url": "/hashtag?hashtag=nodebird"
          }
        }
      ]
    }
  ]
}